{"cameraMode":{"drawMode":0,"name":"Shaded","section":"Shading Mode"},"sceneLighting":false,"audioPlay":false,"sceneViewState":{"showFog":true,"showMaterialUpdate":true,"showSkybox":false,"showFlares":true,"showImageEffects":true,"showParticleSystems":true},"in2DMode":false,"pivot":{"x":43.01020431518555,"y":-2.008687973022461,"z":7.997187614440918},"rotation":{"x":-0.10058349370956421,"y":0.03341962397098541,"z":-0.003380170091986656,"w":-0.9943721890449524},"size":57.57862091064453,"orthographic":false}