{"cameraMode":{"drawMode":0,"name":"Shaded","section":"Shading Mode"},"sceneLighting":true,"audioPlay":false,"sceneViewState":{"showFog":true,"showMaterialUpdate":true,"showSkybox":true,"showFlares":true,"showImageEffects":true,"showParticleSystems":true},"in2DMode":false,"pivot":{"x":631.7372436523438,"y":106.8917007446289,"z":-389.5479736328125},"rotation":{"x":-0.12347123771905899,"y":0.12675738334655763,"z":-0.015888040885329248,"w":-0.9841170907020569},"size":2.8171396255493166,"orthographic":false}