{"cameraMode":{"drawMode":0,"name":"Shaded","section":"Shading Mode"},"sceneLighting":true,"audioPlay":false,"sceneViewState":{"showFog":true,"showMaterialUpdate":true,"showSkybox":true,"showFlares":true,"showImageEffects":true,"showParticleSystems":true},"in2DMode":false,"pivot":{"x":69.8856201171875,"y":-5.0849609375,"z":-16.732421875},"rotation":{"x":0.01799851469695568,"y":0.008998312056064606,"z":-0.0001713039819151163,"w":0.9998147487640381},"size":39.52082061767578,"orthographic":true}