{"cameraMode":{"drawMode":0,"name":"Shaded","section":"Shading Mode"},"sceneLighting":false,"audioPlay":false,"sceneViewState":{"showFog":true,"showMaterialUpdate":true,"showSkybox":false,"showFlares":true,"showImageEffects":true,"showParticleSystems":true},"in2DMode":false,"pivot":{"x":46.01020431518555,"y":-0.7627387046813965,"z":7.936559677124023},"rotation":{"x":-0.1422794908285141,"y":0.025829806923866273,"z":-0.0037008801009505989,"w":-0.9895015954971314},"size":57.77995681762695,"orthographic":false}